<categories>
	<category>
		<id>001</id>
		<name>consumergoods</name>
		<discperc>5</discperc>
	</category>
	<category>
		<id>002</id>
		<name>organicfood</name>
		<discperc>7</discperc>
	</category>
	<category>
		<id>003</id>
		<name>grocery</name>
		<discperc>2</discperc>
	</category>
	<category>
		<id>004</id>
		<name>babyproducts</name>
		<discperc>10</discperc>
	</category>
	<category>
		<id>005</id>
		<name>apparrel</name>
		<discperc>15</discperc>
	</category>
</categories>