<shoppingCart>
	<itemdetails>
		<itemid>000001</itemid>
		<itemcategoryid>003</itemcategoryid>
		<itemname>muesli (grocery)</itemname>
		<unitprice>100</unitprice>
		<quantity>2</quantity>
	</itemdetails>
	<itemdetails>
		<itemid>000002</itemid>
		<itemcategoryid>005</itemcategoryid>
		<itemname>mens tshirt Arrows</itemname>
		<unitprice>1536</unitprice>
		<quantity>1</quantity>
	</itemdetails>
	<itemdetails>
		<itemid>000003</itemid>
		<itemcategoryid>002</itemcategoryid>
		<itemname>organic tomatoes</itemname>
		<unitprice>10</unitprice>
		<quantity>2</quantity>
	</itemdetails>
	<itemdetails>
		<itemid>000004</itemid>
		<itemcategoryid>001</itemcategoryid>
		<itemname>wipro cfl bulbs</itemname>
		<unitprice>120</unitprice>
		<quantity>1</quantity>
	</itemdetails>
</shoppingCart>